,AAPL,GOOGL,MSFT,AMZN
AAPL,1.0,0.6945181454028545,0.7796364030615417,0.6264736845686356
GOOGL,0.6945181454028545,1.0,0.7739288936455007,0.6667719408880355
MSFT,0.7796364030615417,0.7739288936455007,1.0,0.6807480249334281
AMZN,0.6264736845686356,0.6667719408880355,0.6807480249334281,1.0
