,TSLA,NVDA,AMD,INTC
TSLA,1.0,0.3715232249017295,0.3958741150286514,0.29388939800820885
NVDA,0.3715232249017295,1.0,0.5773935752889968,0.32472131271981436
AMD,0.3958741150286514,0.5773935752889968,1.0,0.3513459026882595
INTC,0.29388939800820885,0.32472131271981436,0.3513459026882595,1.0
