{
  "max_sharpe": {
    "weights": [
      0.5585643437037172,
      0.018271596394396267,
      0.42167898367766016,
      0.0014850762242262117
    ],
    "expected_return": 0.2328388240177802,
    "volatility": 0.312171346355836,
    "sharpe_ratio": 0.6818012815794143
  },
  "min_volatility": {
    "weights": [
      0.30069578613489295,
      0.29291383004499494,
      0.2660629900467432,
      0.1403273937733688
    ],
    "expected_return": 0.20115451328870892,
    "volatility": 0.3011847465941938,
    "sharpe_ratio": 0.6014730670699948
  },
  "summary_stats": {
    "mean_return": 0.19032992400172108,
    "std_return": 0.021449512853302464,
    "mean_volatility": 0.3113280424685754,
    "std_volatility": 0.008977881096184092,
    "mean_sharpe": 0.5487499375853913,
    "max_sharpe": 0.6818012815794143,
    "min_sharpe": 0.26722487540792333
  },
  "execution_time_seconds": 1.137936
}