{
  "max_sharpe": {
    "weights": [
      0.017605915521596564,
      0.9673356134992358,
      0.013757778643050852,
      0.0013006923361168548
    ],
    "expected_return": 0.6526058398984941,
    "volatility": 0.5021645549677806,
    "sharpe_ratio": 1.2597580487119062
  },
  "min_volatility": {
    "weights": [
      0.1781087048557534,
      0.33254224809524735,
      0.1918000277250081,
      0.2975490193239911
    ],
    "expected_return": 0.29652008663625207,
    "volatility": 0.40920138931348854,
    "sharpe_ratio": 0.6757554931574546
  },
  "summary_stats": {
    "mean_return": 0.28076028025330213,
    "std_return": 0.12126582296705934,
    "mean_volatility": 0.4463678090994672,
    "std_volatility": 0.027869949895763912,
    "mean_sharpe": 0.5888894732626033,
    "max_sharpe": 1.2597580487119062,
    "min_sharpe": -0.18532649181240707
  },
  "execution_time_seconds": 1.121302
}