Scenario,Portfolio_Loss_$,Loss_Percentage_%,New_Portfolio_Value_$
2008 Financial Crisis,13970.329441066817,13.970329441066816,113970.32944106682
COVID-19 Crash (2020),16298.717681244627,16.298717681244625,116298.71768124463
Dot-com Bubble (2000),11641.941200889021,11.64194120088902,111641.94120088902
Moderate Recession,18627.105921422422,18.62710592142242,118627.10592142242
Black Monday (1987),17928.589449369087,17.92858944936909,117928.58944936909
Stagflation Scenario,19791.300041511306,19.791300041511306,119791.3000415113
