Scenario,Portfolio_Loss_$,Loss_Percentage_%,New_Portfolio_Value_$
2008 Financial Crisis,19578.175196954835,39.15635039390967,69578.17519695483
COVID-19 Crash (2020),22841.204396447283,45.68240879289457,72841.20439644728
Dot-com Bubble (2000),16315.145997462358,32.63029199492472,66315.14599746236
Moderate Recession,26104.23359593976,52.20846719187953,76104.23359593976
Black Monday (1987),25125.324836092026,50.25064967218405,75125.32483609203
Stagflation Scenario,27735.748195686,55.471496391372,77735.748195686
